{"flutter":{"platforms":{"android":{"default":{"projectId":"tasklist-821cd","appId":"1:235289225846:android:f04368b1237866502c4d57","fileOutput":"android/app/google-services.json"}},"dart":{"lib/firebase_options.dart":{"projectId":"tasklist-821cd","configurations":{"android":"1:235289225846:android:f04368b1237866502c4d57","ios":"1:235289225846:ios:3db7c23faf395fcf2c4d57","macos":"1:235289225846:ios:3db7c23faf395fcf2c4d57","web":"1:235289225846:web:a3e5c7e9327d28982c4d57","windows":"1:235289225846:web:3b7985c73d2355642c4d57"}}}}}}